id;name;birth_date;email;gender;login;first_name;last_name;image_url;activated
560f3371-e2d6-4dbb-bf3f-21b416517565;torment;2024-05-01;Davonte16@yahoo.com;OTHER;"ibB8";Cecilia;Hauck;aside spend hybridization;true
126e525a-4710-4a40-964c-7c92b600c257;doubtfully;2024-04-30;Damion_Dickens76@hotmail.com;FEMALE;"^^S@D8B\]Lzt";Cydney;Paucek;dizzy for;true
dc60bf09-a297-4b68-a97d-c55ba20fa165;supposing among;2024-05-01;Jayson.Blanda@gmail.com;OTHER;"YAoLsh";Myles;O'Connell;watery valid easily;false
25b21813-3c53-4086-8f66-1daf12615c74;despite;2024-05-01;Kara52@yahoo.com;OTHER;"g";Jazmyn;Reichel;giving unless coordinated;false
d9e11ff4-83aa-49db-b289-997347227bbe;bad plasticise;2024-04-30;Barton.Parisian@gmail.com;OTHER;"5R";Savannah;Leannon;aw because uncertainty;true
76954d86-2199-4931-8d7f-ff0043125eda;french;2024-05-01;Reece_Monahan@gmail.com;OTHER;"=@owr";Buck;Boehm;against slide opposite;true
43776ff1-9f07-4a7c-ad40-531fb188d969;stark if;2024-04-30;Deanna_Cummerata58@hotmail.com;MALE;"}=!5@8\GASd\;Fd4e8b\qjfCkzg\ qdHC\-2L3txX";Narciso;Batz;unwelcome;true
e1951a2f-a70a-4300-8b38-08d5149cacea;concrete what whereas;2024-04-30;Cora.Towne@gmail.com;MALE;"vI";Hilma;Welch;pear an;false
1d3991f3-efbe-46cc-9d5d-1016e985b537;yet even introduce;2024-05-01;Green.McLaughlin63@yahoo.com;OTHER;"I";Coralie;Schaden;psychoanalyst hmph bouncy;false
5389148a-093b-4d2d-b84a-3448d2196d97;thud;2024-05-01;Jovanny.Muller@gmail.com;OTHER;"rE|}1@WNW4\$K\KOHkeyc\S3of2Ov";Laila;Parisian;phooey indeed keenly;false
